{
    "variables": [
        "mHradius",
        "rmsdRBB",
        "rmsmBB",
        "dRH1",
        "dRH2",
        "dRH3",
        "mH1",
        "rmsEta",
        "aplan3dv2b",
        "sphere3dv2"
    ],
    "scale": [
        47.20694643363743,
        0.8563803577167377,
        124.98261251722589,
        1.0561533427163634,
        1.3301328646728403,
        1.9357911667798637,
        129.51450179779408,
        0.7397420654373438,
        0.09079087436274103,
        0.47234062026400625
    ],
    "offset": [
        59.40082386268775,
        0.13753528116411218,
        63.10435995474167,
        0.5984805323874831,
        0.6762753571204695,
        0.7780235534401898,
        47.976802543144096,
        0.28240301739528617,
        0.06230001751037274,
        0.1624424970261717
    ]
}
