{
    "variables": [
        "mHradius",
        "rmsdRBB",
        "rmsmBB",
        "dRH1",
        "dRH2",
        "dRH3",
        "mH1",
        "rmsEta",
        "aplan3dv2b",
        "sphere3dv2"
    ],
    "scale": [
        47.38169283630046,
        0.8562136893595034,
        125.0545138625694,
        1.0568372451724581,
        1.3310954086648759,
        1.9364473416797996,
        129.78198165091158,
        0.7398469340454441,
        0.09093085264170402,
        0.4724186314232279
    ],
    "offset": [
        59.52146387987955,
        0.13735032215608795,
        63.23740085201237,
        0.6002367519185998,
        0.6769700718406547,
        0.7791496976601643,
        48.45443342854892,
        0.2820346370274012,
        0.062234804283466685,
        0.16247449618903123
    ]
}
