{
    "variables": [
        "htbjet",
        "rmsdRBB",
        "dRH2",
        "massfraceta",
        "sphere3dv2b",
        "aplan3dv2b",
        "dRH1",
        "dRH3",
        "skewnessdABB",
        "mHcosTheta"
    ],
    "scale": [
        169.38975531210076,
        0.17238594318492942,
        0.712328608376953,
        0.21991522548232162,
        0.18301209953512398,
        0.0815583578490229,
        0.7002952858377226,
        0.6619112413495725,
        0.8056044110637969,
        0.5924632070974697
    ],
    "offset": [
        454.8374624999389,
        0.8712214182269916,
        2.0649993015285935,
        0.4576501764909644,
        0.49288282643596004,
        0.11682439863849046,
        1.7542197258276122,
        2.5652577961909664,
        0.8442579185068941,
        -0.03785893663738506
    ]
}
