{
    "variables": [
        "htbjet",
        "rmsdRBB",
        "dRH2",
        "massfraceta",
        "sphere3dv2b",
        "aplan3dv2b",
        "dRH1",
        "dRH3",
        "skewnessdABB",
        "mHcosTheta"
    ],
    "scale": [
        171.43111019527643,
        0.17227152443155364,
        0.7118337943541236,
        0.21994455687334113,
        0.18264307717925174,
        0.08120068319198169,
        0.695039593388558,
        0.6581601688382254,
        0.8062517768328946,
        0.5962903680337444
    ],
    "offset": [
        455.41869433779914,
        0.8714728289307826,
        2.067946170006791,
        0.45678436061659466,
        0.4929012088035002,
        0.11688542829361422,
        1.7552596814556676,
        2.5649236327369302,
        0.8452919319714345,
        -0.03188048510439905
    ]
}
