{
    "variables": [
        "mHradius",
        "rmsmBB",
        "rmsdRBB",
        "dRH1",
        "rmsEta",
        "mH1",
        "dRH2",
        "dRH3",
        "aplan3dv2b",
        "sphere3dbtrans"
    ],
    "scale": [
        47.90352901406243,
        53.32391297457951,
        0.15054965650537172,
        0.6637259268147381,
        0.2933081602910405,
        44.32146871275457,
        0.7018500907848214,
        0.7043802659326939,
        0.07568081556530358,
        0.22203337288863134
    ],
    "offset": [
        46.26280956143745,
        87.85724908382821,
        0.8317037980015138,
        1.4313604577760637,
        0.7766608922311895,
        127.17665357807753,
        1.7526738022187422,
        2.322137820338505,
        0.12027349957025445,
        0.4286030602880313
    ]
}
