{
    "variables": [
        "mHradius",
        "rmsmBB",
        "rmsdRBB",
        "dRH1",
        "rmsEta",
        "mH1",
        "dRH2",
        "dRH3",
        "aplan3dv2b",
        "sphere3dbtrans"
    ],
    "scale": [
        47.7454659203155,
        53.312946698715635,
        0.15054420707943897,
        0.6675708180803183,
        0.294300706523051,
        43.8052435118773,
        0.7049314439688842,
        0.7072391396438048,
        0.07562670220649688,
        0.2220576616183627
    ],
    "offset": [
        46.3783153511815,
        87.93608520587314,
        0.8323783733722057,
        1.4355140276059815,
        0.7785581333776932,
        127.05483656505567,
        1.757335531573648,
        2.3212515255708954,
        0.11991185331528105,
        0.42850388124081895
    ]
}
